{
  "QB": {
    "pos": "QB",
    "n_train": 297,
    "n_test": 88,
    "n_features": 22,
    "k": 8,
    "adp": {
      "mae": 3.679,
      "r": 0.637,
      "precision_at_8": 0.5,
      "spearman_at_8": 0.298,
      "mae_at_8": 3.529
    },
    "ridge": {
      "mae": 3.653,
      "r": 0.613,
      "precision_at_8": 0.438,
      "spearman_at_8": 0.083,
      "mae_at_8": 3.654
    },
    "xgb": {
      "mae": 3.561,
      "r": 0.682,
      "precision_at_8": 0.438,
      "spearman_at_8": 0.202,
      "mae_at_8": 3.465
    },
    "top_features": {
      "adp_position_rank": 0.18460646271705627,
      "adp_overall": 0.06968807429075241,
      "prev_completions": 0.058466337621212006,
      "prev_passing_yards": 0.04731013998389244,
      "prev_completion_percentage_above_expectation": 0.044749967753887177,
      "prev_scrambles": 0.043641868978738785,
      "prev_avg_time_to_throw": 0.0433788038790226,
      "prev_pass_attempts": 0.041843947023153305,
      "prev_snap_pct": 0.041579436510801315,
      "prev_avg_intended_air_yards": 0.04108201712369919
    }
  },
  "RB": {
    "pos": "RB",
    "n_train": 730,
    "n_test": 164,
    "n_features": 29,
    "k": 12,
    "adp": {
      "mae": 3.323,
      "r": 0.746,
      "precision_at_12": 0.708,
      "spearman_at_12": 0.692,
      "mae_at_12": 3.578
    },
    "ridge": {
      "mae": 3.467,
      "r": 0.694,
      "precision_at_12": 0.542,
      "spearman_at_12": 0.273,
      "mae_at_12": 4.366
    },
    "xgb": {
      "mae": 3.365,
      "r": 0.701,
      "precision_at_12": 0.625,
      "spearman_at_12": 0.189,
      "mae_at_12": 4.415
    },
    "top_features": {
      "adp_position_rank": 0.18427984416484833,
      "adp_overall": 0.15487660467624664,
      "prev_fantasy_points_ppr": 0.05315010994672775,
      "prev_receiving_yards": 0.03408218175172806,
      "prev_target_share": 0.03343196585774422,
      "prev_goalline_carries": 0.032065946608781815,
      "prev_percent_attempts_gte_eight_defenders": 0.031723443418741226,
      "prev_rz_targets": 0.03148769959807396,
      "prev_air_yards": 0.03011425957083702,
      "prev_yards_after_catch": 0.02835049480199814
    }
  },
  "WR": {
    "pos": "WR",
    "n_train": 819,
    "n_test": 201,
    "n_features": 23,
    "k": 12,
    "adp": {
      "mae": 3.178,
      "r": 0.711,
      "precision_at_12": 0.542,
      "spearman_at_12": -0.059,
      "mae_at_12": 3.888
    },
    "ridge": {
      "mae": 2.977,
      "r": 0.752,
      "precision_at_12": 0.5,
      "spearman_at_12": 0.063,
      "mae_at_12": 3.585
    },
    "xgb": {
      "mae": 3.195,
      "r": 0.697,
      "precision_at_12": 0.417,
      "spearman_at_12": -0.07,
      "mae_at_12": 4.199
    },
    "top_features": {
      "adp_position_rank": 0.3196200132369995,
      "adp_overall": 0.07718551903963089,
      "prev_target_share": 0.05022590979933739,
      "prev_ppg": 0.04874156042933464,
      "prev_air_yards": 0.04009255766868591,
      "prev_avg_intended_air_yards_receiving": 0.035050492733716965,
      "prev_yards_after_catch": 0.03316286578774452,
      "prev_team_pass_rate": 0.03204106166958809,
      "prev_fantasy_points_ppr": 0.03184286877512932,
      "prev_air_yards_share": 0.030903911218047142
    }
  },
  "TE": {
    "pos": "TE",
    "n_train": 280,
    "n_test": 69,
    "n_features": 23,
    "k": 8,
    "adp": {
      "mae": 2.591,
      "r": 0.605,
      "precision_at_8": 0.562,
      "spearman_at_8": 0.155,
      "mae_at_8": 3.275
    },
    "ridge": {
      "mae": 2.428,
      "r": 0.662,
      "precision_at_8": 0.625,
      "spearman_at_8": 0.333,
      "mae_at_8": 2.549
    },
    "xgb": {
      "mae": 2.362,
      "r": 0.671,
      "precision_at_8": 0.625,
      "spearman_at_8": 0.048,
      "mae_at_8": 3.222
    },
    "top_features": {
      "adp_position_rank": 0.15629394352436066,
      "adp_overall": 0.09790638834238052,
      "prev_receiving_yards": 0.06762884557247162,
      "prev_yards_after_catch": 0.06586151570081711,
      "prev_fantasy_points_ppr": 0.05386756360530853,
      "prev_avg_separation": 0.047780074179172516,
      "prev_team_pass_rate": 0.04639957845211029,
      "prev_air_yards": 0.0442148856818676,
      "prev_adot": 0.041858699172735214,
      "prev_avg_intended_air_yards_receiving": 0.04146680608391762
    }
  }
}